SC,SEAT
30.04828,224
31.13617,54
30.02874,243
42.23504,225
31.97181,105
30.04828,132
40.85624,549
48.599,164
30.19228,63
30.39789,80
30.02874,334
30.40855,58
46.24073,117
32.49846,68
49.35859,173
30.03843,319
30.04828,108
33.29067,643
42.57583,193
30.05318,252
37.58301,25
